vendor_id,avg_rate,std_rate,total_hours,avg_hours,total_amount,avg_amount,flag_rate,invoice_count,success_rate,diversity_score,cluster
1,352.42290748898677,112.22148219412087,1341.6189988524065,5.910215853975359,439584.5733318959,1936.495917761656,0.05286343612334802,36,0.749816047538945,0.3935967122017216,1
2,312.33449477351917,98.63289087618541,1518.9562031896196,5.292530324702508,464790.7942935915,1619.480119489866,0.03832752613240418,44,0.9802857225639665,0.33485016730091965,0
3,277.1525423728813,87.45860314413054,1668.6570100872937,5.656464440973877,464767.9358324454,1575.4845282455776,0.04406779661016949,43,0.892797576724562,0.8197056874649611,0
4,388.90710382513663,115.7484346075296,1016.0141863985971,5.55199008960982,387408.04678439687,2116.983862209819,0.04918032786885246,29,0.8394633936788146,0.6606690070459253,1
5,427.2151898734177,135.53830791105665,1785.138628463619,5.64917287488487,765113.788263899,2421.2461653920855,0.04113924050632911,48,0.6624074561769746,0.7248435466776273,2
